Performance,Gender,Caste,coaching,time,Class_ten_education,twelve_education,medium,Class_ X_Percentage,Class_XII_Percentage,Father_occupation,Mother_occupation,mixed_type_col
excellent,male,general,no,one,seba,ahsec,english,excellent,excellent,doctor,others,unknown
excellent,male,obc,wa,two,seba,ahsec,others,excellent,excellent,school_teacher,house_wife,666
excellent,male,obc,oa,two,others,cbse,english,excellent,excellent,business,house_wife,unknown
excellent,male,general,wa,one,seba,ahsec,others,excellent,excellent,school_teacher,school_teacher,275
excellent,male,general,oa,two,none,cbse,english,excellent,excellent,college_teacher,house_wife,6
excellent,male,general,wa,two,cbse,cbse,english,excellent,excellent,college_teacher,house_wife,73
excellent,female,general,oa,one,cbse,cbse,english,excellent,excellent,doctor,doctor,344
excellent,male,obc,no,one,seba,ahsec,english,excellent,excellent,others,house_wife,681
excellent,female,general,no,one,seba,ahsec,english,excellent,excellent,business,house_wife,440
excellent,female,general,oa,two,cbse,cbse,english,excellent,excellent,college_teacher,house_wife,618
excellent,male,general,oa,one,cbse,cbse,english,excellent,excellent,business,house_wife,bad
excellent,male,general,no,one,cbse,cbse,english,excellent,excellent,doctor,doctor,none
excellent,female,general,wa,two,seba,ahsec,english,excellent,excellent,bank_official,school_teacher,748
excellent,male,general,no,two,seba,ahsec,english,excellent,excellent,business,house_wife,723
excellent,male,general,wa,one,seba,cbse,english,excellent,excellent,others,house_wife,none
excellent,male,general,wa,two,cbse,cbse,english,excellent,excellent,others,house_wife,825
excellent,male,general,no,one,cbse,cbse,english,excellent,excellent,others,college_teacher,unknown
excellent,female,general,oa,two,cbse,cbse,english,excellent,excellent,engineer,house_wife,704
excellent,male,general,wa,two,seba,ahsec,english,excellent,excellent,school_teacher,school_teacher,350
excellent,male,general,oa,one,seba,cbse,english,excellent,excellent,business,school_teacher,872
excellent,female,obc,no,one,seba,ahsec,assamese,excellent,excellent,college_teacher,college_teacher,bad
excellent,male,general,no,one,seba,ahsec,others,vg,vg,bank_official,school_teacher,bad
excellent,male,general,wa,one,seba,ahsec,english,excellent,excellent,college_teacher,school_teacher,281
excellent,male,general,no,one,others,cbse,english,excellent,excellent,engineer,house_wife,none
excellent,male,general,oa,two,cbse,cbse,english,excellent,excellent,business,house_wife,none
excellent,female,general,wa,two,seba,ahsec,english,excellent,excellent,school_teacher,others,531
excellent,female,general,wa,two,seba,ahsec,english,excellent,excellent,college_teacher,college_teacher,bad
excellent,male,general,oa,two,others,others,english,excellent,vg,doctor,others,627
excellent,female,general,wa,two,seba,ahsec,english,excellent,vg,others,college_teacher,809
excellent,female,general,no,two,seba,ahsec,none,good,vg,school_teacher,house_wife,469
excellent,female,general,no,one,cbse,cbse,english,excellent,excellent,college_teacher,school_teacher,bad
excellent,male,general,wa,two,seba,ahsec,english,excellent,excellent,engineer,house_wife,bad
excellent,female,general,no,two,seba,ahsec,english,excellent,excellent,others,house_wife,217
excellent,male,general,wa,two,seba,ahsec,assamese,excellent,excellent,others,house_wife,862
excellent,male,obc,no,one,cbse,cbse,english,excellent,excellent,business,others,17
excellent,female,general,oa,two,cbse,ahsec,english,excellent,excellent,business,house_wife,bad
excellent,male,general,oa,two,cbse,cbse,english,excellent,excellent,doctor,college_teacher,unknown
excellent,male,general,wa,two,seba,ahsec,english,excellent,excellent,business,house_wife,301
excellent,male,general,no,two,cbse,cbse,english,excellent,excellent,others,house_wife,933
excellent,male,general,wa,two,cbse,cbse,english,excellent,vg,engineer,house_wife,662
excellent,female,general,wa,two,seba,ahsec,english,excellent,excellent,doctor,college_teacher,138
excellent,male,general,wa,two,seba,ahsec,others,good,good,school_teacher,school_teacher,139
excellent,male,general,wa,two,cbse,cbse,english,excellent,excellent,bank_official,house_wife,117
none,female,general,oa,one,others,cbse,english,excellent,excellent,business,house_wife,304
excellent,male,sc,oa,two,cbse,cbse,english,excellent,excellent,others,house_wife,68
excellent,male,sc,wa,two,seba,ahsec,others,excellent,vg,others,house_wife,unknown
excellent,female,general,no,two,cbse,none,english,excellent,excellent,college_teacher,school_teacher,765
excellent,female,general,wa,two,cbse,cbse,english,excellent,excellent,others,school_teacher,873
excellent,female,general,wa,two,cbse,cbse,english,excellent,excellent,others,others,bad
excellent,male,general,wa,two,cbse,cbse,english,excellent,excellent,doctor,doctor,unknown
excellent,male,general,wa,two,cbse,cbse,english,excellent,excellent,engineer,house_wife,695
none,male,obc,wa,two,seba,cbse,english,excellent,excellent,engineer,house_wife,943
excellent,female,general,wa,three,seba,ahsec,others,vg,vg,others,house_wife,53
excellent,female,general,wa,two,others,cbse,english,excellent,excellent,engineer,house_wife,904
excellent,male,sc,oa,two,seba,ahsec,english,good,good,business,house_wife,723
excellent,male,general,wa,three,seba,ahsec,assamese,excellent,good,college_teacher,house_wife,386
excellent,male,general,no,two,cbse,cbse,english,excellent,good,bank_official,house_wife,448
excellent,male,general,oa,two,seba,ahsec,english,excellent,vg,school_teacher,house_wife,438
excellent,female,general,wa,two,seba,ahsec,assamese,excellent,excellent,business,house_wife,bad
excellent,male,general,wa,two,seba,ahsec,others,excellent,excellent,others,house_wife,230
excellent,male,general,wa,two,cbse,cbse,english,excellent,excellent,doctor,school_teacher,295
excellent,female,general,wa,two,cbse,cbse,english,excellent,excellent,engineer,house_wife,5
excellent,male,general,wa,two,none,ahsec,english,excellent,excellent,engineer,college_teacher,bad
excellent,female,general,wa,two,cbse,cbse,english,excellent,excellent,others,others,476
excellent,female,general,wa,two,seba,ahsec,english,excellent,excellent,engineer,house_wife,329
excellent,male,obc,wa,one,seba,ahsec,assamese,average,average,business,others,176
excellent,male,none,no,two,cbse,ahsec,english,excellent,excellent,others,house_wife,969
excellent,male,obc,no,one,cbse,cbse,english,excellent,excellent,others,house_wife,bad
excellent,female,general,wa,two,cbse,cbse,english,excellent,excellent,others,house_wife,bad
excellent,female,general,oa,two,cbse,cbse,english,excellent,excellent,others,house_wife,722
excellent,male,obc,wa,two,seba,ahsec,others,good,good,others,house_wife,372
excellent,male,general,wa,one,others,others,english,excellent,good,others,others,215
excellent,male,obc,oa,two,others,others,others,vg,vg,business,house_wife,673
excellent,male,general,wa,three,seba,ahsec,assamese,vg,good,others,school_teacher,770
excellent,male,general,oa,two,cbse,cbse,english,excellent,vg,school_teacher,school_teacher,none
excellent,male,general,wa,one,cbse,cbse,english,excellent,excellent,others,college_teacher,none
excellent,female,general,wa,three,seba,ahsec,others,excellent,excellent,school_teacher,house_wife,2
excellent,male,general,oa,two,cbse,cbse,english,excellent,excellent,others,house_wife,637
excellent,female,general,wa,two,cbse,cbse,english,excellent,excellent,doctor,others,618
excellent,male,general,wa,two,seba,ahsec,english,excellent,excellent,others,school_teacher,412
excellent,female,general,wa,two,cbse,cbse,english,excellent,vg,others,house_wife,243
excellent,male,general,oa,one,seba,cbse,english,excellent,excellent,doctor,house_wife,none
excellent,male,general,oa,two,cbse,cbse,english,excellent,excellent,others,house_wife,none
excellent,male,general,wa,one,others,cbse,english,excellent,excellent,doctor,house_wife,272
excellent,female,obc,wa,two,seba,cbse,english,excellent,excellent,school_teacher,house_wife,706
excellent,male,general,no,one,seba,ahsec,others,average,good,others,house_wife,481
excellent,male,obc,wa,two,seba,ahsec,english,excellent,excellent,others,house_wife,none
excellent,female,obc,wa,two,cbse,cbse,english,excellent,excellent,others,house_wife,648
excellent,female,general,wa,one,none,cbse,english,excellent,excellent,others,school_teacher,368
excellent,male,general,oa,two,seba,cbse,english,excellent,excellent,engineer,house_wife,152
excellent,male,general,wa,two,seba,ahsec,others,good,excellent,cultivator,house_wife,167
excellent,male,general,oa,two,seba,cbse,english,excellent,excellent,business,house_wife,939
excellent,male,general,wa,three,seba,cbse,english,vg,good,others,others,505
excellent,female,general,wa,two,seba,ahsec,assamese,good,average,school_teacher,school_teacher,417
excellent,male,general,wa,two,seba,ahsec,english,excellent,excellent,engineer,none,unknown
excellent,female,general,wa,two,cbse,cbse,english,excellent,excellent,others,house_wife,721
excellent,male,general,oa,two,seba,ahsec,english,excellent,excellent,engineer,house_wife,912
excellent,female,obc,wa,two,seba,ahsec,english,excellent,excellent,others,others,unknown
excellent,male,general,no,one,cbse,cbse,english,vg,vg,others,house_wife,534
excellent,female,obc,wa,one,seba,ahsec,english,excellent,excellent,others,college_teacher,475
excellent,female,general,wa,two,seba,ahsec,english,excellent,excellent,college_teacher,school_teacher,865
vg,female,general,wa,two,seba,cbse,english,excellent,excellent,doctor,doctor,856
vg,male,general,wa,two,cbse,cbse,english,excellent,excellent,others,house_wife,none
vg,female,general,wa,two,seba,ahsec,others,excellent,excellent,bank_official,bank_official,964
vg,male,general,wa,none,cbse,cbse,english,excellent,vg,bank_official,house_wife,827
vg,male,general,no,one,others,cbse,english,excellent,excellent,others,college_teacher,846
vg,female,general,wa,one,cbse,cbse,english,vg,vg,business,house_wife,56
vg,male,general,wa,one,seba,ahsec,english,excellent,excellent,others,house_wife,130
vg,male,general,wa,two,seba,ahsec,others,vg,excellent,business,house_wife,none
vg,female,general,wa,none,seba,ahsec,english,excellent,excellent,others,house_wife,bad
vg,male,general,no,one,seba,cbse,english,good,good,others,house_wife,bad
vg,male,general,wa,two,seba,ahsec,english,excellent,vg,school_teacher,house_wife,82
vg,female,general,wa,one,cbse,cbse,english,nan,excellent,others,school_teacher,31
vg,male,general,wa,four,cbse,cbse,english,vg,vg,college_teacher,college_teacher,none
vg,male,general,wa,three,seba,ahsec,english,excellent,excellent,business,house_wife,918
vg,female,general,wa,two,cbse,cbse,english,excellent,excellent,school_teacher,school_teacher,721
vg,female,obc,wa,three,seba,ahsec,english,vg,vg,engineer,house_wife,none
vg,male,general,wa,three,cbse,cbse,english,excellent,excellent,others,house_wife,292
vg,male,general,wa,two,seba,ahsec,english,excellent,excellent,school_teacher,house_wife,625
vg,male,general,wa,three,seba,ahsec,others,excellent,good,school_teacher,house_wife,bad
vg,male,general,no,one,cbse,cbse,english,excellent,excellent,college_teacher,house_wife,532
vg,female,obc,wa,two,others,cbse,english,excellent,excellent,engineer,house_wife,856
vg,female,general,no,one,seba,ahsec,english,excellent,excellent,others,house_wife,569
vg,female,general,wa,two,cbse,cbse,english,excellent,excellent,college_teacher,school_teacher,bad
vg,female,general,wa,two,seba,ahsec,english,good,vg,college_teacher,house_wife,638
vg,female,general,wa,two,seba,ahsec,others,excellent,excellent,doctor,house_wife,bad
vg,female,obc,oa,two,cbse,cbse,english,excellent,excellent,business,business,826
vg,male,obc,wa,two,seba,ahsec,others,excellent,excellent,others,others,498
vg,female,general,wa,two,seba,ahsec,others,excellent,excellent,college_teacher,none,596
vg,male,general,no,three,seba,ahsec,others,vg,vg,cultivator,house_wife,975
vg,female,obc,wa,three,cbse,ahsec,english,excellent,vg,school_teacher,house_wife,748
vg,male,general,wa,two,seba,ahsec,others,good,vg,business,house_wife,502
vg,none,general,no,one,seba,ahsec,english,excellent,excellent,doctor,doctor,280
vg,male,sc,wa,two,seba,ahsec,english,excellent,excellent,others,house_wife,905
vg,female,general,no,two,cbse,cbse,english,excellent,excellent,others,house_wife,none
vg,female,general,wa,two,none,ahsec,assamese,excellent,excellent,school_teacher,house_wife,bad
vg,male,general,wa,two,seba,ahsec,others,excellent,excellent,school_teacher,house_wife,31
vg,male,general,no,one,cbse,cbse,english,excellent,excellent,others,school_teacher,115
vg,female,obc,no,two,cbse,cbse,english,excellent,excellent,others,house_wife,386
vg,female,general,wa,two,cbse,ahsec,english,excellent,excellent,others,house_wife,159
vg,male,general,wa,two,seba,ahsec,english,excellent,vg,business,house_wife,882
vg,male,obc,wa,one,cbse,cbse,english,excellent,excellent,others,house_wife,914
vg,male,obc,no,one,cbse,cbse,english,excellent,excellent,others,college_teacher,180
vg,male,obc,wa,one,seba,ahsec,others,excellent,excellent,school_teacher,house_wife,829
vg,female,general,wa,two,seba,ahsec,english,excellent,excellent,school_teacher,school_teacher,none
vg,female,general,wa,two,seba,ahsec,english,excellent,excellent,others,college_teacher,787
vg,male,obc,no,one,cbse,cbse,english,excellent,excellent,business,house_wife,365
vg,male,general,wa,three,cbse,cbse,english,vg,vg,others,house_wife,40
vg,male,general,wa,two,cbse,cbse,english,excellent,excellent,school_teacher,house_wife,428
vg,female,general,wa,one,seba,ahsec,english,excellent,excellent,others,house_wife,822
vg,female,general,wa,one,cbse,cbse,english,excellent,excellent,college_teacher,college_teacher,933
vg,male,general,wa,three,cbse,cbse,english,vg,good,school_teacher,house_wife,none
vg,female,general,no,one,cbse,cbse,english,excellent,excellent,others,house_wife,836
vg,female,general,oa,three,cbse,cbse,english,excellent,good,others,house_wife,293
vg,male,general,wa,two,seba,none,assamese,excellent,vg,college_teacher,school_teacher,464
vg,female,general,wa,one,others,cbse,english,excellent,excellent,doctor,doctor,unknown
vg,male,general,oa,one,others,others,english,vg,excellent,college_teacher,school_teacher,bad
vg,female,general,no,one,seba,ahsec,english,excellent,excellent,others,house_wife,unknown
vg,female,obc,wa,two,seba,ahsec,english,excellent,excellent,doctor,others,642
vg,female,obc,oa,two,cbse,cbse,english,excellent,excellent,others,house_wife,727
vg,female,general,wa,one,cbse,cbse,english,excellent,excellent,engineer,house_wife,873
vg,female,sc,wa,two,cbse,cbse,english,excellent,excellent,engineer,house_wife,bad
vg,none,general,wa,two,seba,cbse,english,good,good,school_teacher,house_wife,none
vg,male,general,no,one,seba,ahsec,english,excellent,excellent,others,house_wife,bad
vg,male,obc,wa,two,seba,ahsec,english,excellent,excellent,others,house_wife,488
vg,male,general,wa,three,seba,ahsec,english,excellent,vg,business,school_teacher,none
vg,female,general,wa,two,seba,ahsec,others,excellent,good,others,school_teacher,unknown
vg,male,sc,no,one,seba,ahsec,english,excellent,excellent,business,school_teacher,661
vg,female,obc,wa,two,seba,ahsec,english,excellent,excellent,others,house_wife,8
vg,female,obc,wa,two,seba,ahsec,english,excellent,excellent,others,house_wife,792
vg,female,general,no,three,seba,ahsec,english,excellent,vg,others,house_wife,705
vg,male,obc,no,one,cbse,ahsec,english,excellent,excellent,school_teacher,house_wife,815
vg,male,general,oa,two,cbse,cbse,english,excellent,excellent,others,school_teacher,118
vg,male,obc,wa,two,seba,ahsec,others,excellent,vg,business,house_wife,unknown
vg,male,general,no,one,seba,ahsec,others,excellent,excellent,school_teacher,house_wife,bad
vg,male,general,no,one,cbse,ahsec,english,excellent,excellent,engineer,house_wife,none
vg,male,sc,wa,two,cbse,cbse,english,excellent,vg,school_teacher,house_wife,696
vg,male,obc,wa,three,seba,ahsec,english,excellent,excellent,school_teacher,house_wife,656
vg,female,general,wa,two,cbse,cbse,english,excellent,excellent,engineer,college_teacher,32
vg,male,general,oa,two,cbse,cbse,english,excellent,excellent,business,house_wife,bad
vg,female,general,wa,two,seba,ahsec,others,excellent,excellent,school_teacher,house_wife,448
vg,female,general,wa,two,cbse,cbse,english,excellent,excellent,engineer,house_wife,none
vg,female,obc,wa,two,seba,ahsec,english,vg,vg,college_teacher,house_wife,684
vg,female,general,wa,two,seba,ahsec,assamese,excellent,excellent,others,house_wife,74
vg,female,general,wa,one,seba,ahsec,english,excellent,excellent,business,house_wife,none
vg,male,general,wa,two,seba,ahsec,english,excellent,excellent,cultivator,house_wife,62
vg,female,obc,wa,two,cbse,cbse,english,excellent,excellent,others,others,none
vg,none,general,wa,two,cbse,cbse,english,excellent,excellent,doctor,doctor,216
vg,female,general,wa,three,seba,ahsec,others,vg,vg,others,house_wife,974
vg,female,obc,oa,three,seba,ahsec,english,good,vg,others,house_wife,153
vg,female,general,wa,two,seba,ahsec,english,excellent,excellent,others,house_wife,bad
vg,male,general,wa,two,cbse,cbse,english,excellent,excellent,others,house_wife,222
vg,male,obc,wa,two,seba,ahsec,english,excellent,vg,others,house_wife,none
vg,male,obc,no,four,seba,ahsec,others,vg,vg,business,house_wife,none
vg,male,obc,wa,one,cbse,cbse,english,excellent,excellent,doctor,house_wife,391
vg,female,general,wa,two,seba,ahsec,others,none,excellent,school_teacher,house_wife,unknown
vg,male,general,wa,one,cbse,cbse,english,excellent,excellent,others,school_teacher,unknown
vg,female,general,wa,two,seba,ahsec,english,excellent,vg,business,school_teacher,872
vg,male,obc,oa,two,seba,cbse,english,vg,excellent,business,house_wife,none
vg,female,general,wa,two,seba,ahsec,english,vg,vg,others,house_wife,518
vg,male,general,wa,two,seba,ahsec,english,excellent,excellent,business,house_wife,303
vg,male,general,wa,two,cbse,cbse,english,excellent,excellent,others,others,261
vg,female,general,no,one,seba,ahsec,english,excellent,excellent,others,others,bad
vg,male,general,no,one,seba,ahsec,english,excellent,excellent,engineer,school_teacher,608
vg,female,obc,wa,three,seba,ahsec,english,excellent,excellent,school_teacher,others,908
vg,male,general,wa,two,cbse,cbse,english,excellent,excellent,others,house_wife,433
vg,female,general,wa,two,seba,cbse,english,excellent,excellent,business,house_wife,485
vg,female,general,wa,two,cbse,cbse,english,excellent,excellent,college_teacher,house_wife,unknown
vg,male,general,wa,one,cbse,cbse,english,excellent,excellent,business,house_wife,bad
vg,male,general,wa,one,seba,ahsec,english,excellent,excellent,doctor,house_wife,200
vg,male,general,wa,two,cbse,cbse,english,excellent,excellent,others,others,524
vg,female,general,wa,two,seba,ahsec,english,vg,vg,others,house_wife,bad
vg,female,obc,wa,none,cbse,cbse,english,excellent,excellent,others,others,760
vg,male,general,wa,two,cbse,cbse,english,excellent,excellent,others,house_wife,29
vg,female,sc,oa,two,seba,cbse,english,excellent,vg,others,bank_official,unknown
vg,male,general,wa,two,cbse,cbse,english,excellent,excellent,bank_official,house_wife,none
vg,female,general,wa,four,cbse,cbse,english,excellent,vg,bank_official,bank_official,23
vg,male,general,wa,two,cbse,cbse,english,excellent,excellent,business,others,630
vg,female,st,wa,two,seba,ahsec,english,excellent,excellent,others,house_wife,bad
vg,female,general,wa,one,seba,ahsec,english,excellent,excellent,bank_official,house_wife,360
vg,male,general,wa,three,seba,ahsec,others,vg,vg,others,house_wife,336
none,female,general,oa,two,cbse,cbse,english,excellent,excellent,others,school_teacher,none
vg,male,obc,wa,two,cbse,cbse,english,excellent,excellent,others,house_wife,917
vg,male,general,wa,two,seba,ahsec,others,excellent,vg,school_teacher,house_wife,461
vg,female,general,wa,two,seba,none,english,excellent,excellent,others,college_teacher,398
vg,male,general,wa,one,cbse,cbse,english,excellent,excellent,others,house_wife,92
vg,female,general,wa,one,cbse,cbse,english,excellent,excellent,others,house_wife,887
vg,male,general,no,one,seba,ahsec,english,excellent,excellent,business,house_wife,314
vg,male,general,wa,two,cbse,cbse,english,excellent,excellent,engineer,house_wife,462
vg,male,obc,no,one,seba,ahsec,english,excellent,excellent,college_teacher,school_teacher,unknown
vg,female,general,wa,three,cbse,cbse,english,excellent,excellent,school_teacher,school_teacher,288
vg,female,sc,wa,two,seba,ahsec,assamese,excellent,vg,others,others,553
vg,male,obc,wa,three,seba,ahsec,others,vg,vg,cultivator,cultivator,900
vg,male,general,wa,two,seba,ahsec,others,excellent,excellent,others,house_wife,328
vg,male,obc,wa,two,seba,ahsec,english,excellent,excellent,school_teacher,school_teacher,bad
vg,female,general,wa,two,seba,ahsec,english,excellent,excellent,others,house_wife,875
vg,male,obc,wa,three,seba,ahsec,others,vg,excellent,school_teacher,school_teacher,360
vg,male,obc,wa,two,seba,ahsec,others,excellent,excellent,cultivator,school_teacher,unknown
vg,female,general,wa,one,cbse,cbse,english,excellent,excellent,business,business,44
vg,male,general,wa,two,seba,ahsec,english,excellent,excellent,business,house_wife,907
vg,male,general,wa,three,seba,ahsec,assamese,good,good,none,house_wife,none
vg,female,sc,wa,two,seba,ahsec,english,excellent,excellent,bank_official,school_teacher,215
vg,male,st,no,two,seba,ahsec,english,average,average,others,house_wife,unknown
vg,female,general,wa,three,seba,cbse,english,excellent,excellent,business,house_wife,unknown
vg,female,general,no,one,seba,ahsec,english,vg,excellent,doctor,school_teacher,none
vg,female,sc,wa,one,cbse,cbse,english,excellent,excellent,others,house_wife,704
vg,female,general,wa,one,cbse,cbse,english,excellent,excellent,others,house_wife,unknown
vg,female,general,no,one,seba,none,english,excellent,excellent,engineer,engineer,none
vg,male,obc,wa,none,cbse,cbse,english,excellent,vg,others,others,307
vg,male,obc,no,four,cbse,cbse,english,excellent,vg,others,house_wife,unknown
vg,female,general,wa,two,seba,ahsec,english,excellent,excellent,others,house_wife,65
vg,female,obc,oa,one,cbse,cbse,english,excellent,none,others,house_wife,unknown
vg,female,obc,wa,one,seba,ahsec,english,excellent,excellent,school_teacher,school_teacher,264
vg,male,obc,no,one,cbse,cbse,english,excellent,excellent,doctor,others,89
vg,female,general,no,one,seba,ahsec,english,excellent,excellent,engineer,college_teacher,408
vg,male,obc,wa,three,seba,ahsec,english,vg,vg,others,house_wife,none
vg,female,general,no,one,seba,ahsec,others,excellent,excellent,doctor,doctor,992
vg,male,obc,wa,two,cbse,cbse,english,excellent,vg,others,house_wife,661
vg,female,obc,no,three,cbse,cbse,english,excellent,excellent,doctor,house_wife,392
vg,female,general,wa,two,seba,ahsec,english,excellent,vg,business,house_wife,bad
vg,male,general,wa,two,seba,ahsec,assamese,excellent,vg,others,house_wife,89
vg,male,general,wa,two,seba,ahsec,english,good,good,business,house_wife,386
vg,female,sc,no,two,cbse,cbse,english,excellent,excellent,engineer,others,581
vg,female,sc,no,one,cbse,cbse,english,none,excellent,bank_official,house_wife,20
vg,male,general,wa,two,seba,ahsec,others,excellent,vg,others,house_wife,919
vg,female,general,wa,two,seba,ahsec,assamese,excellent,excellent,school_teacher,school_teacher,515
vg,female,obc,no,two,seba,ahsec,english,excellent,excellent,others,house_wife,bad
vg,male,obc,wa,one,seba,ahsec,english,excellent,excellent,others,house_wife,bad
vg,female,obc,wa,two,seba,ahsec,english,vg,excellent,others,house_wife,836
vg,male,general,no,one,cbse,ahsec,english,excellent,excellent,school_teacher,school_teacher,366
vg,female,general,wa,two,seba,ahsec,english,excellent,vg,others,house_wife,928
vg,male,general,wa,two,seba,ahsec,english,excellent,vg,engineer,house_wife,none
vg,male,obc,oa,one,cbse,cbse,english,excellent,excellent,engineer,engineer,636
vg,female,general,wa,two,seba,ahsec,none,vg,vg,business,house_wife,203
vg,female,general,wa,two,cbse,cbse,english,excellent,excellent,others,others,none
vg,female,general,wa,one,cbse,cbse,english,excellent,excellent,doctor,doctor,192
vg,female,general,wa,one,cbse,cbse,english,excellent,excellent,others,house_wife,33
vg,male,obc,oa,two,cbse,cbse,english,excellent,good,others,house_wife,439
vg,male,general,wa,one,cbse,cbse,english,excellent,excellent,none,house_wife,834
vg,male,general,wa,three,seba,ahsec,others,excellent,vg,school_teacher,house_wife,921
vg,female,general,wa,two,others,ahsec,english,excellent,vg,college_teacher,house_wife,bad
vg,male,general,wa,three,seba,ahsec,others,vg,vg,cultivator,house_wife,553
vg,female,general,wa,three,seba,ahsec,english,excellent,excellent,college_teacher,school_teacher,916
vg,female,general,wa,two,cbse,cbse,english,excellent,excellent,college_teacher,engineer,unknown
vg,male,general,wa,two,cbse,cbse,english,excellent,vg,bank_official,house_wife,unknown
vg,male,general,oa,two,cbse,cbse,english,excellent,vg,others,house_wife,180
vg,male,general,wa,three,cbse,cbse,english,excellent,vg,others,house_wife,unknown
vg,male,general,wa,two,cbse,cbse,english,excellent,excellent,bank_official,house_wife,316
vg,male,general,wa,two,cbse,cbse,english,excellent,vg,business,house_wife,195
vg,male,general,wa,two,cbse,ahsec,english,excellent,excellent,business,house_wife,369
vg,female,obc,wa,two,seba,ahsec,english,excellent,excellent,business,school_teacher,603
vg,female,obc,no,one,cbse,cbse,english,vg,good,business,school_teacher,unknown
vg,female,general,wa,two,cbse,cbse,english,excellent,vg,others,school_teacher,none
vg,male,general,wa,two,seba,ahsec,others,excellent,vg,others,house_wife,330
vg,male,sc,wa,one,seba,ahsec,english,vg,excellent,others,house_wife,596
vg,nan,sc,wa,one,others,ahsec,english,excellent,excellent,engineer,house_wife,bad
vg,male,general,wa,none,seba,ahsec,english,vg,excellent,engineer,house_wife,675
vg,female,obc,no,one,cbse,ahsec,english,excellent,excellent,others,house_wife,141
vg,male,general,wa,one,seba,ahsec,english,vg,excellent,others,house_wife,347
good,female,obc,wa,two,seba,ahsec,english,excellent,excellent,others,house_wife,648
good,female,general,wa,three,seba,ahsec,assamese,excellent,vg,school_teacher,house_wife,216
good,male,sc,none,two,seba,cbse,others,vg,good,others,house_wife,unknown
good,male,general,no,one,seba,ahsec,others,excellent,nan,school_teacher,school_teacher,321
good,male,general,wa,three,seba,ahsec,assamese,vg,vg,school_teacher,school_teacher,678
good,female,general,no,one,cbse,cbse,english,excellent,excellent,others,house_wife,bad
good,male,general,no,two,seba,ahsec,others,excellent,none,others,house_wife,129
good,male,sc,oa,two,cbse,cbse,english,excellent,excellent,others,others,unknown
good,female,obc,wa,one,cbse,cbse,english,excellent,excellent,others,house_wife,194
good,female,general,wa,one,others,cbse,english,excellent,excellent,engineer,doctor,741
good,male,obc,wa,one,seba,ahsec,english,excellent,excellent,others,house_wife,566
good,male,general,wa,two,seba,ahsec,others,average,good,school_teacher,house_wife,none
good,male,obc,wa,two,cbse,cbse,english,excellent,excellent,school_teacher,house_wife,unknown
good,female,general,wa,two,seba,cbse,english,excellent,vg,bank_official,house_wife,none
good,male,general,wa,two,seba,ahsec,assamese,excellent,excellent,school_teacher,school_teacher,432
good,female,obc,none,two,seba,ahsec,english,excellent,excellent,others,school_teacher,688
good,female,general,wa,three,cbse,cbse,english,excellent,vg,business,house_wife,none
good,male,obc,oa,four,seba,others,english,vg,none,college_teacher,house_wife,30
good,female,obc,wa,two,seba,ahsec,english,excellent,excellent,others,house_wife,unknown
good,male,general,oa,two,seba,cbse,english,excellent,excellent,nan,house_wife,335
good,female,general,wa,two,seba,cbse,english,excellent,excellent,bank_official,house_wife,793
good,female,general,wa,two,seba,ahsec,english,excellent,excellent,school_teacher,school_teacher,bad
good,female,general,wa,two,cbse,cbse,english,excellent,excellent,business,house_wife,576
good,male,general,wa,three,seba,ahsec,english,good,vg,business,house_wife,360
good,none,obc,wa,two,seba,ahsec,english,excellent,vg,school_teacher,house_wife,853
good,male,general,no,two,seba,ahsec,english,excellent,excellent,engineer,college_teacher,unknown
good,male,general,no,two,cbse,cbse,english,excellent,vg,school_teacher,house_wife,896
good,male,general,no,one,seba,ahsec,english,vg,vg,others,house_wife,207
good,female,general,wa,two,seba,cbse,english,good,vg,business,house_wife,bad
good,male,general,no,one,cbse,cbse,english,excellent,excellent,others,house_wife,24
good,male,sc,wa,three,cbse,cbse,english,excellent,excellent,others,house_wife,unknown
good,male,general,oa,one,cbse,cbse,english,excellent,excellent,engineer,house_wife,none
good,female,general,wa,one,seba,ahsec,english,excellent,excellent,bank_official,others,547
good,female,general,wa,two,cbse,cbse,english,excellent,excellent,college_teacher,school_teacher,unknown
good,female,general,wa,two,seba,ahsec,assamese,excellent,excellent,school_teacher,school_teacher,597
good,male,general,wa,three,seba,ahsec,others,vg,vg,school_teacher,school_teacher,819
good,female,obc,wa,one,seba,ahsec,english,vg,vg,others,house_wife,27
good,female,general,oa,two,cbse,cbse,english,excellent,vg,engineer,house_wife,526
good,male,obc,no,two,seba,ahsec,english,good,good,others,others,739
good,female,general,none,two,seba,cbse,english,excellent,good,others,house_wife,424
good,male,general,wa,two,seba,cbse,english,excellent,vg,others,house_wife,925
good,female,obc,oa,three,cbse,cbse,english,vg,vg,business,house_wife,662
good,female,general,no,one,seba,ahsec,english,excellent,excellent,doctor,doctor,34
good,female,general,no,one,seba,ahsec,english,excellent,excellent,engineer,house_wife,none
good,male,general,no,one,cbse,ahsec,english,excellent,excellent,others,school_teacher,383
good,male,general,wa,two,seba,ahsec,assamese,excellent,vg,others,house_wife,131
good,male,obc,oa,two,cbse,cbse,english,vg,vg,doctor,house_wife,950
good,male,general,wa,three,seba,ahsec,english,excellent,excellent,others,house_wife,222
good,male,obc,no,five,seba,ahsec,others,good,average,school_teacher,house_wife,83
good,male,general,wa,two,cbse,cbse,english,excellent,vg,others,house_wife,222
good,male,obc,oa,two,cbse,cbse,english,excellent,excellent,business,others,823
good,male,obc,no,one,cbse,cbse,english,excellent,excellent,others,house_wife,bad
good,female,obc,wa,seven,cbse,cbse,english,excellent,good,others,house_wife,819
good,male,sc,wa,two,seba,ahsec,english,excellent,excellent,doctor,house_wife,461
good,female,sc,wa,two,cbse,cbse,english,excellent,excellent,others,house_wife,bad
good,female,obc,wa,one,seba,ahsec,english,vg,excellent,doctor,house_wife,387
good,female,obc,wa,one,seba,ahsec,others,excellent,excellent,business,house_wife,199
good,male,general,wa,two,cbse,cbse,english,excellent,vg,others,others,556
good,female,obc,wa,three,seba,ahsec,english,excellent,excellent,others,others,269
good,male,obc,wa,two,seba,ahsec,assamese,excellent,vg,school_teacher,house_wife,970
good,female,general,wa,two,seba,ahsec,english,excellent,excellent,doctor,house_wife,377
good,female,general,oa,one,cbse,cbse,english,excellent,excellent,school_teacher,school_teacher,314
good,female,general,no,one,seba,ahsec,english,excellent,excellent,school_teacher,school_teacher,unknown
good,female,obc,no,two,seba,ahsec,english,excellent,vg,business,house_wife,520
good,female,general,no,one,cbse,cbse,english,excellent,excellent,doctor,house_wife,170
good,male,general,wa,three,seba,ahsec,others,vg,good,school_teacher,house_wife,480
good,female,obc,wa,two,cbse,cbse,english,excellent,excellent,school_teacher,others,none
good,male,general,wa,two,seba,ahsec,english,excellent,excellent,others,house_wife,716
good,male,general,wa,one,cbse,cbse,english,excellent,vg,others,house_wife,573
good,female,obc,wa,one,cbse,cbse,english,excellent,excellent,others,others,730
good,male,general,wa,two,cbse,cbse,english,excellent,excellent,business,house_wife,none
good,male,general,wa,one,seba,ahsec,english,none,excellent,doctor,house_wife,729
none,male,general,wa,one,seba,ahsec,english,excellent,excellent,school_teacher,house_wife,340
good,female,obc,wa,two,cbse,cbse,english,excellent,vg,others,house_wife,201
good,female,obc,wa,one,cbse,cbse,english,excellent,excellent,others,others,529
good,female,obc,wa,two,seba,ahsec,english,excellent,excellent,others,school_teacher,449
good,female,obc,wa,three,seba,ahsec,others,good,good,business,house_wife,313
good,male,general,wa,two,cbse,none,english,excellent,excellent,others,house_wife,811
good,female,obc,wa,four,seba,ahsec,english,vg,good,business,house_wife,bad
good,female,obc,oa,two,seba,ahsec,english,excellent,excellent,school_teacher,school_teacher,unknown
good,female,obc,wa,two,cbse,cbse,english,excellent,excellent,doctor,others,680
good,male,general,wa,two,seba,ahsec,others,excellent,excellent,others,school_teacher,984
good,male,general,wa,two,seba,ahsec,others,excellent,vg,others,others,11
good,female,general,no,one,seba,ahsec,english,excellent,excellent,school_teacher,school_teacher,364
good,female,obc,no,one,seba,ahsec,english,excellent,none,others,house_wife,737
good,male,general,wa,one,seba,ahsec,english,excellent,excellent,school_teacher,school_teacher,497
good,male,obc,oa,two,seba,ahsec,english,excellent,excellent,doctor,house_wife,none
good,male,obc,no,three,seba,ahsec,english,excellent,vg,others,house_wife,474
good,female,general,wa,three,seba,ahsec,assamese,excellent,vg,doctor,others,none
good,female,general,wa,one,seba,cbse,english,excellent,excellent,business,house_wife,433
good,male,general,no,one,seba,ahsec,others,excellent,excellent,cultivator,house_wife,404
good,female,general,wa,two,cbse,cbse,english,excellent,excellent,doctor,others,845
good,male,general,wa,one,seba,ahsec,english,excellent,excellent,others,house_wife,147
good,female,general,no,two,cbse,cbse,english,excellent,vg,others,house_wife,155
good,male,general,wa,one,seba,ahsec,english,excellent,excellent,others,house_wife,141
good,female,sc,no,three,seba,ahsec,english,excellent,excellent,business,house_wife,567
good,female,general,wa,two,seba,ahsec,english,excellent,excellent,others,others,995
good,female,general,wa,one,cbse,cbse,english,excellent,good,business,house_wife,618
good,male,general,wa,two,seba,ahsec,english,vg,vg,school_teacher,school_teacher,816
good,male,general,no,one,seba,ahsec,others,excellent,excellent,school_teacher,house_wife,851
good,male,obc,wa,two,cbse,cbse,english,excellent,excellent,others,house_wife,none
good,male,general,wa,two,seba,ahsec,english,excellent,vg,others,house_wife,609
good,male,general,no,two,seba,ahsec,others,good,good,school_teacher,house_wife,243
good,female,obc,wa,one,seba,ahsec,assamese,excellent,excellent,others,school_teacher,960
good,male,sc,no,one,cbse,cbse,english,excellent,excellent,business,house_wife,787
good,male,general,wa,two,seba,ahsec,english,vg,vg,business,house_wife,872
good,male,obc,wa,two,cbse,cbse,english,vg,good,business,house_wife,983
good,male,general,no,two,seba,ahsec,english,vg,vg,others,house_wife,348
good,male,general,wa,two,cbse,cbse,english,excellent,excellent,school_teacher,school_teacher,143
good,male,general,wa,two,seba,ahsec,others,vg,vg,school_teacher,house_wife,859
good,female,st,wa,one,seba,ahsec,others,excellent,excellent,school_teacher,school_teacher,none
good,female,general,no,one,seba,ahsec,english,excellent,excellent,others,school_teacher,bad
good,female,obc,no,one,seba,ahsec,english,excellent,excellent,others,others,694
good,male,sc,no,three,cbse,cbse,english,excellent,vg,others,house_wife,257
good,male,obc,wa,two,seba,ahsec,assamese,excellent,vg,others,house_wife,354
good,female,obc,wa,two,seba,ahsec,english,excellent,vg,others,house_wife,610
good,male,general,oa,two,cbse,cbse,english,excellent,excellent,others,school_teacher,394
good,male,general,no,two,cbse,cbse,english,excellent,excellent,others,house_wife,281
good,male,general,wa,two,cbse,cbse,english,excellent,vg,business,house_wife,209
good,male,sc,wa,two,cbse,cbse,english,excellent,excellent,cultivator,house_wife,649
good,male,general,oa,one,cbse,cbse,english,excellent,excellent,doctor,school_teacher,35
good,male,general,no,one,cbse,cbse,english,excellent,excellent,doctor,house_wife,unknown
good,male,general,no,two,seba,ahsec,others,vg,vg,business,house_wife,none
good,male,general,wa,four,seba,ahsec,others,vg,good,school_teacher,house_wife,734
good,female,sc,wa,two,seba,ahsec,english,excellent,excellent,others,house_wife,29
good,male,obc,wa,two,cbse,cbse,english,excellent,excellent,others,house_wife,419
good,female,general,wa,one,seba,cbse,english,excellent,excellent,business,house_wife,121
good,female,general,wa,two,cbse,cbse,english,excellent,vg,others,others,587
good,female,general,wa,two,seba,cbse,english,excellent,none,others,house_wife,bad
good,female,obc,wa,two,none,ahsec,english,excellent,excellent,others,others,25
good,male,general,wa,two,cbse,cbse,english,excellent,excellent,business,others,411
good,female,general,no,one,seba,cbse,english,excellent,excellent,school_teacher,school_teacher,bad
good,female,obc,wa,two,seba,ahsec,english,excellent,vg,others,house_wife,109
good,male,general,no,one,cbse,none,english,excellent,vg,business,house_wife,495
good,male,general,no,one,seba,cbse,english,excellent,excellent,business,house_wife,unknown
good,female,sc,wa,one,others,cbse,english,excellent,excellent,doctor,house_wife,none
good,female,obc,wa,one,seba,ahsec,english,excellent,excellent,doctor,house_wife,750
good,female,general,no,two,seba,cbse,english,excellent,vg,business,house_wife,unknown
good,female,obc,wa,two,seba,ahsec,english,excellent,none,doctor,school_teacher,942
good,male,general,wa,three,cbse,cbse,english,vg,good,others,house_wife,145
good,female,general,no,one,seba,ahsec,english,excellent,excellent,others,school_teacher,605
good,male,general,wa,three,seba,ahsec,others,vg,vg,cultivator,house_wife,none
good,male,obc,wa,two,seba,ahsec,assamese,excellent,excellent,school_teacher,school_teacher,none
good,female,general,wa,one,others,cbse,english,excellent,excellent,business,house_wife,943
good,male,general,wa,three,seba,ahsec,others,vg,vg,school_teacher,house_wife,702
good,female,general,no,three,cbse,cbse,english,excellent,good,business,others,none
good,female,general,wa,two,cbse,cbse,english,excellent,excellent,business,school_teacher,52
good,male,general,oa,two,cbse,cbse,english,excellent,vg,school_teacher,house_wife,675
good,female,st,no,one,seba,ahsec,others,excellent,excellent,others,house_wife,unknown
good,female,obc,oa,one,others,cbse,english,excellent,excellent,business,house_wife,49
good,female,general,wa,two,cbse,cbse,english,excellent,excellent,others,others,986
good,male,general,wa,two,seba,ahsec,assamese,excellent,excellent,doctor,school_teacher,718
good,female,general,wa,two,cbse,cbse,english,excellent,excellent,others,house_wife,462
good,female,sc,no,one,seba,ahsec,english,excellent,excellent,school_teacher,school_teacher,none
good,female,general,wa,one,seba,ahsec,others,excellent,excellent,others,house_wife,271
good,male,general,wa,three,seba,ahsec,english,excellent,vg,school_teacher,none,451
good,male,obc,no,two,seba,ahsec,english,good,vg,others,others,57
good,male,general,wa,two,seba,ahsec,others,vg,excellent,school_teacher,house_wife,367
good,male,general,wa,three,cbse,cbse,english,good,good,school_teacher,house_wife,217
good,male,sc,wa,two,seba,ahsec,assamese,excellent,vg,school_teacher,house_wife,112
good,male,general,wa,two,seba,ahsec,others,good,vg,school_teacher,others,125
good,male,general,no,one,seba,ahsec,none,excellent,excellent,school_teacher,house_wife,345
good,female,general,wa,one,seba,ahsec,english,excellent,excellent,business,house_wife,382
good,male,general,oa,two,cbse,cbse,english,excellent,excellent,cultivator,house_wife,350
good,male,general,oa,one,cbse,cbse,english,excellent,excellent,none,none,689
good,male,general,wa,two,seba,ahsec,others,vg,excellent,others,school_teacher,522
good,male,general,wa,two,cbse,ahsec,english,excellent,excellent,school_teacher,school_teacher,192
good,female,obc,no,one,cbse,cbse,none,excellent,vg,others,others,972
good,female,obc,wa,two,seba,ahsec,assamese,excellent,excellent,doctor,house_wife,730
good,male,general,no,one,cbse,cbse,english,excellent,excellent,others,others,none
good,male,sc,wa,one,seba,ahsec,others,excellent,excellent,others,house_wife,49
good,male,general,wa,two,seba,ahsec,others,vg,vg,others,house_wife,bad
good,male,general,wa,one,cbse,cbse,english,excellent,excellent,others,house_wife,bad
good,male,obc,wa,one,seba,ahsec,english,excellent,excellent,others,house_wife,461
good,female,general,wa,two,cbse,cbse,english,excellent,excellent,others,house_wife,161
good,male,obc,no,two,seba,ahsec,others,average,good,others,house_wife,107
good,male,general,none,one,none,cbse,english,excellent,excellent,others,house_wife,289
good,female,obc,wa,two,seba,ahsec,english,vg,vg,doctor,house_wife,230
good,male,general,no,one,cbse,cbse,english,excellent,excellent,others,house_wife,209
good,male,obc,wa,three,seba,ahsec,assamese,good,average,others,house_wife,unknown
good,male,obc,wa,three,cbse,cbse,english,excellent,vg,others,school_teacher,46
good,male,obc,wa,two,cbse,cbse,english,excellent,excellent,business,house_wife,unknown
good,male,obc,no,three,cbse,ahsec,assamese,vg,good,school_teacher,house_wife,none
good,female,obc,wa,two,seba,cbse,english,excellent,vg,others,others,865
good,male,obc,no,one,seba,cbse,english,excellent,excellent,business,house_wife,unknown
good,female,obc,wa,four,seba,ahsec,assamese,excellent,vg,business,others,unknown
good,female,obc,wa,four,seba,ahsec,english,vg,vg,business,house_wife,991
good,female,obc,wa,three,seba,ahsec,english,excellent,vg,others,house_wife,578
good,female,obc,wa,two,seba,ahsec,assamese,excellent,excellent,cultivator,school_teacher,390
good,female,obc,wa,three,seba,ahsec,assamese,excellent,vg,others,school_teacher,491
good,male,obc,wa,one,seba,ahsec,english,excellent,good,school_teacher,school_teacher,213
good,male,obc,no,one,seba,ahsec,english,excellent,excellent,doctor,others,397
good,male,obc,wa,three,cbse,cbse,english,good,excellent,others,house_wife,936
good,female,obc,wa,one,seba,ahsec,english,excellent,excellent,others,school_teacher,unknown
good,female,obc,no,one,seba,ahsec,english,excellent,excellent,school_teacher,house_wife,430
good,female,obc,oa,two,seba,ahsec,english,excellent,excellent,others,house_wife,124
good,female,obc,wa,two,seba,ahsec,english,excellent,excellent,doctor,house_wife,906
good,female,obc,wa,two,cbse,cbse,english,excellent,excellent,doctor,house_wife,unknown
good,female,obc,wa,one,seba,ahsec,english,vg,excellent,business,house_wife,721
good,male,obc,wa,three,cbse,cbse,english,excellent,vg,business,house_wife,303
average,female,obc,wa,two,seba,ahsec,assamese,excellent,excellent,school_teacher,house_wife,278
average,male,obc,wa,two,seba,ahsec,english,excellent,excellent,business,house_wife,171
average,female,obc,wa,one,seba,cbse,english,excellent,excellent,others,house_wife,unknown
average,male,obc,wa,two,seba,ahsec,english,vg,good,others,house_wife,677
average,female,obc,wa,two,seba,ahsec,assamese,excellent,excellent,doctor,house_wife,416
average,male,obc,wa,one,none,cbse,english,excellent,excellent,others,school_teacher,24
average,female,obc,none,three,seba,ahsec,assamese,excellent,vg,school_teacher,house_wife,bad
average,male,obc,wa,two,cbse,cbse,english,excellent,excellent,others,house_wife,bad
average,female,obc,no,one,seba,ahsec,english,excellent,excellent,business,house_wife,401
average,male,obc,wa,three,seba,ahsec,assamese,vg,good,business,house_wife,unknown
average,male,obc,oa,two,cbse,cbse,english,excellent,excellent,doctor,others,962
average,female,obc,wa,two,seba,ahsec,assamese,excellent,excellent,others,house_wife,unknown
average,male,obc,wa,two,seba,ahsec,english,vg,vg,others,others,none
average,female,obc,wa,two,seba,ahsec,english,excellent,excellent,others,house_wife,487
average,female,obc,no,two,seba,ahsec,assamese,vg,good,others,house_wife,45
average,male,obc,no,two,cbse,cbse,none,excellent,excellent,school_teacher,house_wife,495
average,female,obc,wa,one,cbse,none,english,excellent,excellent,others,house_wife,576
average,male,obc,wa,two,seba,ahsec,english,excellent,vg,business,house_wife,773
average,male,obc,no,two,seba,ahsec,english,vg,vg,others,house_wife,336
average,male,obc,wa,one,seba,cbse,english,vg,vg,business,house_wife,36
average,male,obc,wa,three,cbse,cbse,english,excellent,good,others,others,454
average,male,obc,no,four,seba,ahsec,others,vg,average,school_teacher,house_wife,427
none,female,obc,no,one,seba,ahsec,english,excellent,excellent,others,school_teacher,624
average,male,obc,wa,two,seba,ahsec,assamese,excellent,vg,others,house_wife,99
average,male,obc,no,two,seba,ahsec,assamese,excellent,excellent,business,school_teacher,613
good,female,sc,wa,three,cbse,cbse,english,excellent,excellent,others,house_wife,none
good,male,sc,wa,three,seba,ahsec,english,vg,good,school_teacher,house_wife,bad
good,female,sc,wa,two,seba,ahsec,english,excellent,vg,business,house_wife,983
good,female,sc,no,two,seba,ahsec,others,excellent,excellent,engineer,house_wife,227
good,female,sc,oa,two,seba,none,english,excellent,vg,others,house_wife,753
good,female,sc,wa,three,seba,ahsec,english,vg,vg,others,house_wife,bad
good,male,sc,wa,two,cbse,cbse,english,excellent,excellent,cultivator,house_wife,985
average,female,sc,no,two,cbse,cbse,english,excellent,excellent,engineer,house_wife,unknown
average,female,sc,wa,two,cbse,cbse,english,excellent,excellent,others,house_wife,746
average,female,sc,wa,three,seba,ahsec,english,excellent,excellent,business,house_wife,777
average,none,sc,wa,one,seba,ahsec,assamese,good,good,others,house_wife,608
average,female,sc,wa,two,seba,ahsec,english,excellent,excellent,others,house_wife,bad
average,female,sc,wa,three,seba,ahsec,assamese,good,good,school_teacher,house_wife,unknown
average,female,sc,wa,one,seba,cbse,english,excellent,excellent,business,house_wife,476
average,female,sc,wa,three,cbse,cbse,english,vg,vg,bank_official,others,659
average,female,sc,no,one,seba,ahsec,assamese,excellent,excellent,others,house_wife,613
average,female,sc,none,two,seba,ahsec,assamese,average,good,business,house_wife,unknown
average,male,sc,no,one,none,cbse,english,excellent,excellent,others,house_wife,117
average,female,sc,no,two,cbse,cbse,english,excellent,excellent,others,others,bad
average,female,sc,wa,two,seba,ahsec,english,excellent,vg,business,house_wife,937
average,male,sc,wa,two,cbse,cbse,english,excellent,excellent,others,house_wife,520
average,male,sc,wa,two,seba,ahsec,assamese,vg,vg,cultivator,house_wife,636
average,male,sc,wa,two,cbse,cbse,english,nan,none,school_teacher,others,258
average,male,sc,wa,two,seba,ahsec,english,excellent,excellent,business,school_teacher,unknown
average,female,sc,wa,two,seba,ahsec,english,excellent,vg,others,house_wife,bad
average,male,sc,no,one,seba,cbse,english,excellent,excellent,business,house_wife,none
average,female,sc,wa,two,seba,ahsec,others,excellent,vg,school_teacher,house_wife,146
average,male,sc,no,one,seba,ahsec,english,excellent,excellent,others,others,unknown
average,male,sc,no,two,seba,ahsec,english,vg,vg,others,house_wife,565
average,female,sc,no,two,seba,cbse,english,vg,vg,doctor,school_teacher,280
average,female,sc,wa,three,seba,ahsec,others,good,good,school_teacher,others,245
average,female,sc,wa,two,seba,cbse,english,vg,excellent,others,house_wife,269
average,female,sc,wa,two,seba,ahsec,english,excellent,vg,others,others,293
average,male,sc,wa,two,seba,ahsec,english,excellent,vg,others,school_teacher,739
average,male,sc,wa,two,none,ahsec,assamese,excellent,vg,school_teacher,house_wife,499
average,female,sc,wa,one,cbse,cbse,english,excellent,excellent,engineer,house_wife,469
average,male,sc,no,one,seba,ahsec,english,excellent,excellent,business,house_wife,162
average,male,none,wa,two,seba,ahsec,assamese,excellent,excellent,engineer,house_wife,544
good,male,st,wa,two,seba,ahsec,assamese,excellent,excellent,school_teacher,school_teacher,none
good,female,st,wa,two,cbse,cbse,english,excellent,vg,business,house_wife,745
good,female,st,wa,two,seba,ahsec,english,vg,vg,bank_official,house_wife,446
average,none,st,wa,two,none,cbse,english,vg,vg,business,house_wife,unknown
average,male,st,oa,two,cbse,cbse,english,excellent,excellent,others,school_teacher,unknown
average,male,st,no,one,cbse,cbse,english,excellent,excellent,school_teacher,school_teacher,unknown
average,male,st,no,three,seba,ahsec,english,vg,vg,school_teacher,school_teacher,bad
average,male,st,wa,two,cbse,cbse,english,excellent,vg,others,house_wife,unknown
average,female,st,wa,one,cbse,cbse,english,excellent,vg,others,school_teacher,843
average,female,st,wa,two,seba,cbse,english,none,excellent,doctor,college_teacher,bad
average,female,st,wa,one,seba,ahsec,english,excellent,excellent,others,house_wife,bad
average,female,st,wa,two,cbse,cbse,english,excellent,excellent,others,house_wife,929
average,male,st,wa,one,seba,ahsec,english,good,good,engineer,school_teacher,none
average,male,st,wa,one,seba,cbse,english,excellent,excellent,others,house_wife,none
average,female,st,wa,two,seba,ahsec,english,excellent,vg,school_teacher,house_wife,unknown
average,male,st,no,one,cbse,cbse,english,excellent,excellent,cultivator,house_wife,unknown
average,female,st,wa,two,seba,ahsec,english,vg,vg,bank_official,house_wife,745
average,male,st,wa,two,cbse,cbse,english,excellent,vg,cultivator,house_wife,9
average,female,st,wa,three,cbse,cbse,english,excellent,good,engineer,business,945
average,male,st,wa,two,seba,ahsec,english,excellent,excellent,others,house_wife,none
average,nan,st,oa,two,cbse,cbse,english,excellent,vg,business,school_teacher,bad
average,female,st,wa,two,seba,ahsec,english,vg,vg,doctor,house_wife,bad
average,female,st,wa,two,cbse,cbse,english,vg,vg,others,house_wife,bad
average,female,st,wa,two,seba,ahsec,english,excellent,excellent,school_teacher,house_wife,unknown
average,male,st,wa,two,cbse,cbse,english,excellent,good,others,house_wife,109
average,female,st,wa,two,others,others,english,excellent,excellent,doctor,college_teacher,bad
average,female,st,wa,two,seba,ahsec,assamese,excellent,vg,others,others,6
average,male,st,oa,one,cbse,cbse,english,excellent,excellent,others,house_wife,795
average,female,st,no,two,cbse,cbse,english,excellent,excellent,bank_official,house_wife,743
average,male,st,wa,two,seba,ahsec,assamese,excellent,vg,bank_official,house_wife,892
average,female,st,wa,one,seba,ahsec,others,average,vg,others,house_wife,981
average,male,st,no,one,seba,ahsec,english,excellent,excellent,others,others,964
average,female,st,wa,two,cbse,cbse,english,excellent,good,engineer,house_wife,992
average,male,st,wa,two,cbse,cbse,english,excellent,excellent,cultivator,house_wife,unknown
average,male,st,wa,two,seba,ahsec,assamese,excellent,excellent,cultivator,house_wife,784
average,female,st,wa,three,seba,ahsec,english,vg,average,others,house_wife,723
average,male,st,no,two,cbse,cbse,english,vg,good,cultivator,house_wife,162
average,male,st,wa,one,seba,ahsec,english,average,good,others,house_wife,136
average,female,st,oa,two,cbse,cbse,english,excellent,vg,others,house_wife,977
average,female,st,wa,three,cbse,cbse,english,excellent,vg,bank_official,house_wife,882
average,female,st,wa,two,seba,none,assamese,excellent,excellent,school_teacher,school_teacher,bad
average,male,st,oa,three,cbse,cbse,english,vg,excellent,others,house_wife,74
average,female,st,wa,two,seba,ahsec,english,excellent,vg,others,house_wife,unknown
average,female,st,wa,two,seba,ahsec,english,excellent,vg,college_teacher,house_wife,5
average,female,st,wa,two,seba,nan,english,excellent,good,school_teacher,house_wife,unknown
average,male,st,wa,two,cbse,cbse,english,excellent,vg,school_teacher,house_wife,unknown
average,male,st,no,one,seba,ahsec,english,average,average,others,house_wife,49
average,male,st,no,three,none,cbse,english,excellent,good,others,house_wife,979
average,male,st,no,one,seba,ahsec,assamese,vg,good,cultivator,house_wife,825
average,female,st,wa,two,seba,ahsec,english,excellent,vg,others,house_wife,904
average,female,st,wa,two,seba,ahsec,english,vg,vg,others,house_wife,997
average,male,st,no,one,seba,ahsec,english,good,vg,others,house_wife,14
average,male,none,wa,two,seba,ahsec,english,vg,vg,school_teacher,house_wife,none
average,male,st,wa,two,cbse,cbse,english,excellent,vg,others,house_wife,none
average,male,st,wa,two,cbse,cbse,english,excellent,vg,others,house_wife,781
average,male,st,wa,two,seba,ahsec,english,excellent,good,others,house_wife,265
average,male,st,no,one,cbse,cbse,english,excellent,excellent,school_teacher,house_wife,390
average,female,st,wa,one,cbse,cbse,english,excellent,excellent,engineer,others,929
average,male,st,no,three,cbse,cbse,english,excellent,excellent,others,house_wife,unknown
average,female,st,wa,two,seba,ahsec,english,excellent,vg,cultivator,others,641
average,female,st,wa,two,cbse,cbse,english,excellent,excellent,others,house_wife,792
average,female,st,wa,two,cbse,cbse,english,excellent,vg,engineer,house_wife,798
average,female,st,wa,two,cbse,cbse,english,excellent,good,others,house_wife,597
average,male,st,wa,two,cbse,cbse,english,vg,vg,others,house_wife,766
average,male,none,oa,two,cbse,cbse,english,excellent,vg,cultivator,house_wife,909
average,female,st,wa,one,seba,ahsec,english,excellent,excellent,school_teacher,school_teacher,765
average,male,st,no,two,seba,ahsec,english,average,good,business,house_wife,115
average,male,st,no,one,seba,ahsec,assamese,average,average,cultivator,house_wife,bad
average,male,st,no,one,seba,ahsec,english,excellent,excellent,doctor,house_wife,305
average,male,st,oa,one,cbse,cbse,english,vg,excellent,school_teacher,others,unknown
average,male,st,wa,one,cbse,cbse,english,excellent,vg,engineer,house_wife,360
average,male,st,wa,two,seba,ahsec,english,good,good,others,house_wife,219
average,male,st,wa,one,seba,ahsec,english,excellent,excellent,others,others,bad
average,female,st,no,one,cbse,cbse,english,excellent,excellent,others,doctor,110
average,female,st,wa,two,seba,ahsec,english,excellent,vg,others,school_teacher,787
average,male,st,wa,two,cbse,ahsec,english,good,good,others,school_teacher,658
average,female,st,wa,one,seba,ahsec,none,vg,good,engineer,house_wife,unknown
average,male,st,wa,two,seba,ahsec,english,vg,vg,others,house_wife,bad
average,male,st,no,three,seba,ahsec,english,good,average,cultivator,house_wife,295
average,female,st,wa,two,others,others,english,vg,vg,school_teacher,house_wife,898
average,female,st,wa,one,seba,ahsec,english,vg,vg,others,school_teacher,493
average,male,st,wa,three,cbse,cbse,english,vg,vg,bank_official,house_wife,560
average,female,st,wa,one,seba,ahsec,english,vg,vg,business,doctor,28
average,female,st,wa,four,seba,ahsec,assamese,vg,good,cultivator,house_wife,762
average,male,st,no,one,seba,ahsec,english,average,good,business,others,unknown
average,male,st,wa,two,seba,ahsec,english,good,good,others,school_teacher,963
average,male,st,wa,two,seba,ahsec,english,vg,good,others,house_wife,none
average,female,st,wa,three,seba,ahsec,english,good,good,school_teacher,house_wife,none
average,male,st,wa,three,seba,ahsec,english,good,good,school_teacher,house_wife,unknown
average,female,st,oa,three,others,others,english,good,good,cultivator,house_wife,477
average,female,st,wa,two,seba,ahsec,english,good,good,others,house_wife,470
average,female,st,no,three,seba,ahsec,english,average,average,school_teacher,house_wife,949
average,male,st,wa,one,cbse,cbse,english,excellent,excellent,others,school_teacher,364
average,female,st,wa,two,seba,ahsec,english,vg,vg,others,others,397
average,male,st,no,one,seba,ahsec,english,vg,vg,cultivator,none,624
average,female,st,wa,two,cbse,ahsec,english,excellent,good,business,house_wife,170
average,female,st,wa,two,seba,ahsec,english,excellent,vg,others,others,828
none,female,st,no,one,seba,ahsec,english,vg,good,business,school_teacher,bad
average,female,st,wa,two,seba,cbse,english,good,vg,doctor,school_teacher,none
average,female,st,wa,one,seba,ahsec,english,good,vg,others,house_wife,10
average,male,st,wa,three,seba,ahsec,english,vg,good,cultivator,house_wife,unknown
average,male,st,wa,two,seba,cbse,english,good,vg,others,school_teacher,582
average,male,st,wa,three,seba,ahsec,english,good,good,school_teacher,house_wife,704
average,female,st,no,one,seba,cbse,english,vg,good,business,others,none
good,male,obc,no,one,seba,ahsec,english,excellent,excellent,doctor,others,777
vg,male,general,wa,two,cbse,cbse,english,excellent,vg,bank_official,house_wife,321
good,male,general,wa,two,cbse,cbse,english,excellent,excellent,business,others,825
excellent,female,general,wa,two,seba,ahsec,assamese,excellent,excellent,business,house_wife,194
good,male,obc,oa,two,cbse,cbse,english,excellent,excellent,business,others,209
good,male,general,no,one,seba,ahsec,others,excellent,excellent,school_teacher,house_wife,358
vg,male,general,wa,two,cbse,cbse,english,excellent,vg,business,house_wife,539
excellent,male,general,no,two,cbse,cbse,english,excellent,good,bank_official,house_wife,203
average,male,obc,wa,two,cbse,cbse,english,excellent,excellent,others,house_wife,900
average,female,st,wa,two,seba,cbse,english,vg,vg,business,house_wife,270
average,male,st,wa,two,seba,ahsec,english,vg,good,others,house_wife,none
vg,male,sc,wa,two,seba,ahsec,english,excellent,excellent,others,house_wife,none
excellent,male,general,wa,two,seba,ahsec,english,excellent,excellent,engineer,college_teacher,429
